studentid,gender,age,place,idate,initiator
tm001,F,24,Shalimar Bagh,2017-07-26,Pooja
tm002,F,22,Shalimar Bagh,2017-07-26,Pooja
tm003,M,54,Shalimar Bagh,2017-07-26,Gaurav
tm004,M,35,Shalimar Bagh,2017-07-26,Gaurav
tm005,M,36,Shalimar Bagh,2017-07-26,Gaurav
tm006,M,42,MCDP Maharishi NSEZ,2017-07-26,Gaurav
tm007,M,29,MCDP Maharishi NSEZ,2017-07-26,Gaurav
tm008,M,32,MCDP Maharishi NSEZ,2017-07-26,Gaurav
tm009,M,31,MCDP Maharishi NSEZ,2017-07-26,Gaurav
tm010,M,54,MCDP Maharishi NSEZ,2017-07-26,Gaurav
tm011,M,29,MCDP Maharishi NSEZ,2017-07-26,Gaurav
tm012,F,70,Shalimar Bagh,2015-07-19,Pooja
tm013,F,38,Shalimar Bagh,2015-07-19,Pooja
tm014,M,35,Noida Sector 70,2017-07-16,Vivek
tm015,F,37,Noida Sector 70,2017-07-16,Kamna
tm016,F,39,Noida Sector 70,2017-07-16,Kamna
tm017,F,28,Noida Sector 70,2017-07-16,Kamna
tm018,F,24,Gurgaon Sector 40,2017-07-16,Pooja
tm019,F,36,Gurgaon Sector 40,2017-07-16,Pooja
tm020,F,13,Gurgaon Sector 40,2017-07-16,Pooja
tm021,F,13,Gurgaon Sector 40,2017-07-16,Pooja
tm022,M,22,Shalimar Bagh,2017-07-16,Gaurav
tm023,M,31,Shalimar Bagh,2017-07-16,Gaurav
tm024,F,45,Rajouri Garden,2017-08-07,Kamna
tm025,F,48,Rajouri Garden,2017-08-07,Kamna
tm026,F,66,Rajouri Garden,2017-08-07,Kamna
tm027,M,69,Rajouri Garden,2017-08-07,Gaurav
tm028,M,40,Shalimar Bagh,2017-08-07,Vivek
tm029,M,,Noida Sector 70,2017-02-07,Dr. Sunil
tm030,F,,Noida Sector 70,2017-02-07,Veena Ji
tm031,M,,Noida Sector 70,2017-02-07,Dr. Sunil
tm032,M,41,Shalimar Bagh,2017-02-07,Gaurav
tm033,M,36,Shalimar Bagh,2017-02-07,Gaurav
tm034,M,56,Shalimar Bagh,2017-02-07,Gaurav
tm035,M,62,Shalimar Bagh,2017-02-07,Gaurav
tm036,F,54,Shalimar Bagh,2017-02-07,Kamna
tm037,F,25,Kailash Colony,2017-02-07,Kamna
tm038,F,51,Kailash Colony,2017-02-07,Kamna
tm039,M,30,Kailash Colony,2017-02-07,Vivek
tm040,M,10,Kailash Colony,2017-02-07,Vivek
tm041,M,19,Kailash Colony,2017-02-07,Vivek
tm042,F,15,Kailash Colony,2017-02-07,Pooja
tm043,F,35,Kailash Colony,2017-02-07,Pooja
tm044,F,49,Kailash Colony,2017-02-07,Pooja
tm045,F,34,Kailash Colony,2017-02-07,Pooja
tm046,F,5,Kailash Colony,2017-02-07,Pooja
tm047,F,35,MCDP AIIMS,2017-06-29,Pooja
tm048,F,52,MCDP AIIMS,2017-06-29,Pooja
tm049,F,45,MCDP AIIMS,2017-06-29,Pooja
tm050,F,41,MCDP AIIMS,2017-06-29,Pooja
tm051,F,24,MCDP AIIMS,2017-06-29,Pooja
tm052,F,32,MCDP AIIMS,2017-06-29,Pooja
tm053,F,31,MCDP AIIMS,2017-06-29,Pooja
tm054,M,37,MCDP AIIMS,2017-06-29,Vivek
tm055,M,39,MCDP AIIMS,2017-06-29,Vivek
tm056,M,31,MCDP AIIMS,2017-06-29,Vivek
tm057,M,33,MCDP AIIMS,2017-06-29,Vivek
tm058,F,36,Shalimar Bagh,2017-06-28,Kamna
tm059,F,34,Noida Sector 70,2017-06-26,Veena Ji
tm060,M,47,Shalimar Bagh,2017-06-26,Gaurav
tm061,M,42,Shalimar Bagh,2017-06-26,Gaurav
tm062,M,19,Shalimar Bagh,2017-06-26,Gaurav
tm063,M,72,Noida Sector 70,2017-06-25,Dr. Sunil
tm064,M,13,Rajouri Garden,2017-06-25,Vivek
tm065,M,25,Rajouri Garden,2017-06-25,Vivek
tm066,F,16,Rajouri Garden,2017-06-25,Pooja
tm067,F,74,Rajouri Garden,2017-06-25,Pooja
tm068,M,48,Rajouri Garden,2017-06-25,Vivek
tm069,F,47,Rajouri Garden,2017-06-25,Pooja
tm070,M,30,Shalimar Bagh,2017-06-25,Gaurav
tm071,M,59,Shalimar Bagh,2017-06-25,Gaurav
tm072,F,20,Shalimar Bagh,2017-06-25,Kamna
tm073,F,34,Shalimar Bagh,2017-06-25,Kamna
tm074,F,55,Shalimar Bagh,2017-06-25,Kamna
tm075,M,5,Noida Sector 70,2017-06-19,Dr. Sunil
tm076,F,13,Noida Sector 70,2017-06-19,Veena Ji
tm077,M,35,Gurgaon Dlf,2017-06-17,Gaurav
tm078,M,38,Gurgaon Dlf,2017-06-17,Gaurav
tm079,M,62,Gurgaon Dlf,2017-06-17,Gaurav
tm080,F,8,Gurgaon Dlf,2017-06-17,Kamna
tm081,F,28,Gurgaon Dlf,2017-06-17,Kamna
tm082,M,51,Shalimar Bagh,2017-06-17,Vivek
tm083,M,28,Shalimar Bagh,2017-06-17,Vivek
tm084,F,55,Shalimar Bagh,2017-06-17,Pooja
tm085,M,20,Shalimar Bagh,2017-06-17,Vivek
tm086,M,48,Shalimar Bagh,2017-06-17,Vivek
tm087,F,38,Shalimar Bagh,2017-06-17,Pooja
tm088,M,26,Shalimar Bagh,2017-06-15,Vivek
tm089,F,10,Shalimar Bagh,2017-06-15,Pooja
tm090,F,48,Shalimar Bagh,2017-06-15,Pooja
tm091,F,17,Shalimar Bagh,2017-06-15,Pooja
tm092,M,24,Shalimar Bagh,2017-06-15,Vivek
tm093,M,50,Shalimar Bagh,2017-06-15,Vivek
tm094,M,38,Shalimar Bagh,2017-06-15,Vivek
tm095,F,25,Noida Sector 70,2017-11-06,Veena Ji
tm096,M,43,Noida Sector 70,2017-11-06,Dr. Sunil
tm097,F,58,Shalimar Bagh,2017-11-06,Pooja
tm098,M,70,Shalimar Bagh,2017-11-06,Vivek
tm099,F,57,Shalimar Bagh,2017-11-06,Pooja
tm100,M,29,Rajouri Garden,2017-11-06,Gaurav
tm101,M,23,Rajouri Garden,2017-11-06,Gaurav
tm102,M,19,Rajouri Garden,2017-11-06,Gaurav
tm103,M,70,Rajouri Garden,2017-11-06,Gaurav
tm104,F,54,Shalimar Bagh,2017-04-06,Pooja
tm105,F,69,Shalimar Bagh,2017-04-06,Pooja
tm106,F,36,Shalimar Bagh,2017-04-06,Pooja
tm107,F,53,Shalimar Bagh,2017-04-06,Pooja
tm108,M,52,Shalimar Bagh,2017-04-06,Gaurav
tm109,M,61,Shalimar Bagh,2017-04-06,Gaurav
tm110,M,66,Shalimar Bagh,2017-05-28,Vivek
tm111,M,58,Shalimar Bagh,2017-05-28,Vivek
tm112,M,13,Shalimar Bagh,2017-05-28,Vivek
tm113,M,44,Shalimar Bagh,2017-05-28,Vivek
tm114,M,45,Shalimar Bagh,2017-05-28,Vivek
tm115,M,44,Shalimar Bagh,2017-05-28,Vivek
tm116,M,57,Shalimar Bagh,2017-05-28,Pooja
tm117,F,33,Shalimar Bagh,2017-05-28,Pooja
tm118,F,35,Shalimar Bagh,2017-05-28,Pooja
tm119,M,71,Rajouri Garden,2017-05-28,Gaurav
tm120,M,49,Rajouri Garden,2017-05-28,Gaurav
tm121,F,51,Rajouri Garden,2017-05-28,Ajaya
tm122,M,32,Noida Sector 70,2017-05-21,Gaurav
tm123,M,20,Noida Sector 70,2017-05-21,Dr. Sunil
tm124,M,36,Gurgaon Sector 40,2017-05-21,Vivek
tm125,F,21,Gurgaon Sector 40,2017-05-21,Vivek
tm126,M,56,Home -- Gurgaon,2017-05-21,Vivek
tm127,M,26,Home -- Gurgaon,2017-05-21,Vivek
tm128,F,39,Gurgaon Sector 40,2017-05-21,Pooja
tm129,F,27,Home -- Gurgaon,2017-05-21,Pooja
tm130,F,50,Home -- Gurgaon,2017-05-21,Pooja
tm131,M,38,Shalimar Bagh,2017-05-21,Gaurav
tm132,M,17,Shalimar Bagh,2017-05-21,Gaurav
tm133,M,17,Shalimar Bagh,2017-05-21,Gaurav
tm134,M,66,Shalimar Bagh,2017-05-21,Gaurav
tm135,F,35,Shalimar Bagh,2017-05-21,Ajaya
tm136,F,36,Home--NFC,2017-05-17,Ajaya
tm137,M,56,Shalimar Bagh,2017-05-16,Vivek
tm138,M,66,Shalimar Bagh,2017-05-14,Vivek
tm139,M,43,Shalimar Bagh,2017-05-14,Vivek
tm140,F,43,Shalimar Bagh,2017-05-14,Ajaya
tm141,F,8,Shalimar Bagh,2017-05-14,Ajaya
tm142,F,33,Shalimar Bagh,2017-05-14,Ajaya
tm143,M,31,Rajouri Garden,2017-05-14,Gaurav
tm144,F,34,Rajouri Garden,2017-05-14,Pooja
tm145,M,64,Noida Sector 70,2017-05-14,Dr. Sunil
tm146,M,16,Noida Sector 70,2017-05-14,Dr. Sunil
tm147,M,25,Noida Sector 70,2017-05-14,Dr. Sunil
tm148,M,25,Noida Sector 70,2017-05-14,Dr. Sunil
tm149,M,32,Rajouri Garden,2017-06-05,Vivek
tm150,F,32,Rajouri Garden,2017-06-05,Pooja
tm151,F,59,Shalimar Bagh,2017-07-05,Ajaya
tm152,M,48,Noida Sector 70,2017-04-30,Dr. Sunil
tm153,M,61,Noida Sector 70,2017-04-30,Dr. Sunil
tm154,M,40,Shalimar Bagh,2017-04-30,Gaurav
tm155,F,33,Shalimar Bagh,2017-04-30,Kamna
tm156,F,8,Shalimar Bagh,2017-04-30,Kamna
tm157,M,36,Noida Sector 70,2017-04-24,Dr. Sunil
tm158,M,64,Shalimar Bagh,2017-04-23,Gaurav
tm159,M,66,Noida Sector 70,2017-04-16,Dr. Sunil
tm160,M,27,Noida Sector 70,2017-04-16,Dr. Sunil
tm161,M,38,Noida Sector 70,2017-04-16,Dr. Sunil
tm162,M,66,Shalimar Bagh,2017-04-16,Vivek
tm163,F,58,Shalimar Bagh,2017-04-16,Pooja
tm164,F,31,Shalimar Bagh,2017-04-16,Pooja
tm165,M,48,Shalimar Bagh,2017-04-15,Vivek
tm166,M,35,Home--NFC,2017-04-15,Ajaya
tm167,F,50,Shalimar Bagh,2017-10-04,Pooja
tm168,F,70,Shalimar Bagh,2017-10-04,Pooja
tm169,M,43,Noida Sector 70,2017-09-04,Dr. Sunil
tm170,F,39,Noida Sector 70,2017-09-04,Veena Ji
tm171,F,37,Shalimar Bagh,2017-09-04,Pooja
tm172,M,54,Shalimar Bagh,2017-09-04,Vivek
tm173,F,37,Shalimar Bagh,2017-09-04,Kamna
tm174,M,70,Noida Sector 70,2017-02-04,Dr. Sunil
tm175,M,41,Noida Sector 70,2017-02-04,Dr. Sunil
tm176,M,31,Noida Sector 70,2017-02-04,Dr. Sunil
tm177,F,66,Noida Sector 70,2017-02-04,Veena Ji
tm178,F,37,Noida Sector 70,2017-02-04,Veena Ji
tm179,M,25,Noida Sector 70,2017-02-04,Dr. Sunil
tm180,M,60,Gurgaon Sector 40,2017-02-04,Vivek
tm181,M,29,Gurgaon Sector 40,2017-02-04,Vivek
tm182,M,31,Gurgaon Sector 40,2017-02-04,Vivek
tm183,F,40,Gurgaon Sector 40,2017-02-04,Vivek
tm184,F,67,Gurgaon Sector 40,2017-02-04,Vivek
tm185,F,72,Gurgaon Sector 40,2017-02-04,Pooja
tm186,F,57,Gurgaon Sector 40,2017-02-04,Pooja
tm187,M,37,Gurgaon Sector 40,2017-02-04,Pooja
tm188,M,68,Shalimar Bagh,2017-02-04,Kamna
tm189,F,38,Shalimar Bagh,2017-02-04,Kamna
tm190,F,45,Shalimar Bagh,2017-02-04,Kamna
tm191,M,47,Shalimar Bagh,2017-02-04,Gaurav
tm192,F,62,Shalimar Bagh,2017-02-04,Gaurav
tm193,M,23,Noida Sector 70,2017-03-26,Gaurav
tm194,F,19,Shalimar Bagh,2017-03-26,Kamna
tm195,M,44,Shalimar Bagh,2017-03-19,Pooja
tm196,F,43,Shalimar Bagh,2017-03-19,Pooja
tm197,M,58,Shalimar Bagh,2017-03-19,Pooja
tm198,F,35,Shalimar Bagh,2017-03-19,Pooja
tm199,F,17,Shalimar Bagh,2017-03-19,Pooja
tm200,F,41,Shalimar Bagh,2017-03-19,Pooja
tm201,M,47,Shalimar Bagh,2017-03-19,Gaurav
tm202,F,25,Shalimar Bagh,2017-03-19,Gaurav
tm203,M,60,Shalimar Bagh,2017-03-19,Gaurav
tm204,F,23,Shalimar Bagh,2017-03-19,Gaurav
tm205,M,55,Shalimar Bagh,2017-03-19,Gaurav
tm206,M,43,Shalimar Bagh,2017-03-19,Gaurav
tm207,M,46,Shalimar Bagh,2017-03-19,Gaurav
tm208,F,40,Noida Sector 70,2017-03-19,Ram
tm209,M,63,Noida Sector 70,2017-03-19,Ram
tm210,F,59,Noida Sector 70,2017-03-19,Ram
tm211,M,61,Noida Sector 70,2017-03-19,Ram
tm212,F,55,Shalimar Bagh,2017-12-03,Pooja
tm213,F,27,Shalimar Bagh,2017-12-03,Pooja
tm214,F,43,Shalimar Bagh,2017-12-03,Pooja
tm215,M,55,Shalimar Bagh,2017-12-03,Gaurav
tm216,M,10,Shalimar Bagh,2017-11-03,Gaurav
tm217,M,29,Shalimar Bagh,2017-04-03,Pooja
tm218,M,62,Shalimar Bagh,2017-04-03,Pooja
tm219,M,47,Shalimar Bagh,2017-04-03,Gaurav
tm220,M,53,Noida Sector 70,2017-04-03,Vivek
tm221,M,34,Noida Sector 70,2017-04-03,Vivek
tm222,M,29,Noida Sector 70,2017-04-03,Ajaya
tm223,F,64,Noida Sector 70,2017-04-03,Ajaya
tm224,M,8,Gurgaon Sector 40,2017-04-03,Ajaya
tm225,M,4,Gurgaon Sector 40,2017-04-03,Ajaya
tm226,F,46,Gurgaon Sector 40,2017-04-03,Ajaya
tm227,M,21,Noida Sector 70,2017-02-26,Vivek
tm228,F,4,Home--Sector 15 Noida,2017-02-26,Ajaya
tm229,F,62,Shalimar Bagh,2017-02-26,Ajaya
tm230,M,62,Shalimar Bagh,2017-02-26,Kamna
tm231,M,25,Shalimar Bagh,2017-02-26,Pooja
tm232,F,67,Shalimar Bagh,2017-02-22,Kamna
tm233,M,38,Noida Sector 70,2017-02-19,Dr. Sunil
tm234,M,39,Noida Sector 70,2017-02-19,Dr. Sunil
tm235,F,56,Gurgaon Sector 40,2017-02-19,Vivek
tm236,M,44,Gurgaon Sector 40,2017-02-19,Vivek
tm237,F,41,Gurgaon Sector 40,2017-02-19,Kamna
tm238,F,17,Gurgaon Sector 40,2017-02-19,Kamna
tm239,M,42,Shalimar Bagh,2017-02-19,Gaurav
tm240,M,39,Shalimar Bagh,2017-02-19,Gaurav
tm241,M,50,Shalimar Bagh,2017-02-19,Gaurav
tm242,M,27,Shalimar Bagh,2017-02-19,Pooja
tm243,F,34,Shalimar Bagh,2017-02-19,Pooja
tm244,F,61,Shalimar Bagh,2017-02-19,Pooja
tm245,M,25,Shalimar Bagh,2017-02-19,Pooja
tm246,F,60,Shalimar Bagh,2017-02-14,Ajaya
tm247,M,62,Shalimar Bagh,2017-02-14,Gaurav
tm248,M,31,Noida Sector 70,2017-12-02,Dr. Sunil
tm249,F,37,Noida Sector 70,2017-12-02,Dr. Sunil
tm250,M,38,Noida Sector 70,2017-12-02,Dr. Sunil
tm251,F,54,Shalimar Bagh,2017-12-02,Gaurav
tm252,F,68,Shalimar Bagh,2017-12-02,Gaurav
tm253,M,30,Home--Maldives,2015-10-02,Vivek
tm254,M,36,Home--Maldives,2015-10-02,Vivek
tm255,M,32,Home--Maldives,2015-10-02,Vivek
tm256,M,55,Home--Maldives,2015-10-02,Vivek
tm257,F,33,Home--Maldives,2015-10-02,Vivek
tm258,M,58,Home--Maldives,2015-10-02,Vivek
tm259,M,35,Home--Maldives,2015-10-02,Vivek
tm260,M,39,Home--Maldives,2015-10-02,Vivek
tm261,F,35,Home--Maldives,2015-10-02,Vivek
tm262,F,51,Home--Maldives,2015-10-02,Vivek
tm263,F,35,Home--Maldives,2015-10-02,Vivek
tm264,F,50,Home--Maldives,2015-10-02,Vivek
tm265,F,46,Home--Maldives,2015-10-02,Vivek
tm266,F,33,Home--Maldives,2015-10-02,Vivek
tm267,M,29,Shalimar Bagh,2017-05-02,Gaurav
tm268,F,47,Shalimar Bagh,2017-05-02,Vivek
tm269,F,44,Shalimar Bagh,2017-05-02,Vivek
tm270,F,20,Shalimar Bagh,2017-01-02,Gaurav
tm271,F,44,Noida Sector 70,2017-01-29,Dr. Sunil
tm272,M,38,Noida Sector 70,2017-01-29,Dr. Sunil
tm273,F,38,Noida Sector-70,2017-01-27,Dr. Sunil
tm274,F,41,Gurgaon Sector 40,2017-01-22,Gauarv
tm275,M,37,Gurgaon Sector 40,2017-01-22,Gaurav
tm276,F,19,Gurgaon Sector 40,2017-01-22,Vivek
tm277,F,15,Gurgaon Sector 40,2017-01-22,Vivek
tm278,F,65,Gurgaon Sector 40,2017-01-22,Vivek
tm279,M,26,Gurgaon Sector 40,2017-01-22,Vivek
tm280,M,39,Shalimar Bagh,2017-01-15,Vivek
tm281,F,57,Shalimar Bagh,2017-01-15,Vivek
tm282,M,50,Shalimar Bagh,2017-01-15,Gaurav
tm283,F,31,Shalimar Bagh,2017-11-01,Vivek
tm284,M,22,Shalimar Bagh,2017-11-01,Vivek
tm285,M,33,Home Gaurav,2017-09-01,Gaurav
tm286,F,28,Home Gaurav,2017-09-01,Gaurav
tm287,M,22,Noida Sector-70,2017-08-01,Dr. Sunil
tm288,M,55,Noida Sector-70,2017-08-01,Dr. Sunil
tm289,F,48,Noida Sector-70,2017-08-01,Gaurav
tm290,M,30,Noida Sector-70,2017-08-01,Gaurav
tm291,M,20,Shalimar Bagh,2017-08-01,Vivek
tm292,M,20,Shalimar Bagh,2017-08-01,Vivek
tm293,M,24,Shalimar Bagh,2017-08-01,Vivek
tm294,F,40,Shalimar Bagh,2017-08-01,Vivek
tm295,F,25,Shalimar Bagh,2017-08-01,Vivek
tm296,F,47,Shalimar Bagh,2017-08-01,Vivek
tm297,M,33,Shalimar Bagh,2017-08-01,Vivek
tm298,M,22,Noida Sector-70,2017-02-01,Dr. Sunil
tm299,M,28,Shalimar Bagh,2016-12-25,Vivek
tm300,M,16,Shalimar Bagh,2016-12-25,Vivek
tm301,M,34,Shalimar Bagh,2016-12-25,Vivek
tm302,M,62,Shalimar Bagh,2016-12-25,Vivek
tm303,F,26,Shalimar Bagh,2016-12-25,Vivek
tm304,F,33,Shalimar Bagh,2016-12-25,Gaurav
tm305,F,33,Shalimar Bagh,2016-12-25,Gaurav
tm306,F,23,Noida Sector-70,2016-12-20,Dr. Sunil
tm307,M,37,Shalimar Bagh,2016-12-18,Gaurav
tm308,F,60,Home - NFC,2016-12-13,Gaurav
tm309,M,67,Home - NFC,2016-12-13,Vivek
tm310,F,26,Shalimar Bagh,2016-12-12,Vivek
tm311,M,25,Noida Sector-70,2016-11-12,Dr. Sunil
tm312,M,26,Noida Sector-70,2016-11-12,Dr. Sunil
tm313,M,24,Shalimar Bagh,2016-11-12,Gaurav
tm314,M,38,Shalimar Bagh,2016-11-12,Gaurav
tm315,M,28,Shalimar Bagh,2016-11-12,Gaurav
tm316,F,26,Shalimar Bagh,2016-11-12,Gaurav
tm317,M,25,Shalimar Bagh,2016-11-12,Vivek
tm318,M,64,Shalimar Bagh,2016-11-12,Vivek
tm319,F,28,Shalimar Bagh,2016-07-12,Gaurav
tm320,M,38,Noida Sector-70,2016-04-12,Dr. Sunil
tm321,M,45,MCDP- MUIT LKO,2016-04-12,Vivek
tm322,M,30,MCDP- MUIT LKO,2016-04-12,Vivek
tm323,M,31,MCDP- MUIT LKO,2016-04-12,Vivek
tm324,M,27,MCDP- MUIT LKO,2016-04-12,Vivek
tm325,F,49,Noida Sector-70,2016-11-28,Dr. Sunil
tm326,M,39,Noida Sector-70,2016-11-28,Dr. Sunil
tm327,M,28,Shalimar Bagh,2016-06-11,Gaurav
tm328,M,21,Shalimar Bagh,2016-06-11,Vivek
tm329,F,27,MCDP- MUIT,2016-10-25,Vivek
tm330,F,26,MCDP- MUIT,2016-10-25,Vivek
tm331,M,43,MCDP- MUIT,2016-10-25,Vivek
tm332,M,33,MCDP- MUIT,2016-10-25,Vivek
tm333,M,38,MCDP- MUIT,2016-10-25,Vivek
tm334,M,76,Shalimar Bagh,2016-10-23,Vivek
tm335,M,45,Shalimar Bagh,2016-10-23,Vivek
tm336,F,33,Shalimar Bagh,2016-10-23,Vivek
tm337,M,38,Shalimar Bagh,2016-10-23,Gaurav
tm338,F,67,Shalimar Bagh,2016-10-23,Gaurav
tm339,F,57,Shalimar Bagh,2016-10-20,Vivek
tm340,F,59,Shalimar Bagh,2016-10-20,Vivek
tm341,M,47,Shalimar Bagh,2016-10-16,Vivek
tm342,M,34,Shalimar Bagh,2016-10-16,Vivek
tm343,F,41,Shalimar Bagh,2016-10-16,Vivek
tm344,M,19,Shalimar Bagh,2016-10-16,Vivek
tm345,M,28,Shalimar Bagh,2016-10-16,Vivek
tm346,F,65,Home - Haldwani,2016-10-16,Gaurav
tm347,M,29,Home - Haldwani,2016-10-16,Gaurav
tm348,M,57,Home - Haldwani,2016-10-16,Gaurav
tm349,M,59,Home - Haldwani,2016-10-16,Gaurav
tm350,M,72,Home - Haldwani,2016-10-16,Gaurav
tm351,F,26,Shalimar Bagh,2016-09-10,Vivek
tm352,F,58,Shalimar Bagh,2016-09-10,Vivek
tm353,F,30,Shalimar Bagh,2016-09-10,Vivek
tm354,M,27,Shalimar Bagh,2016-09-10,Gaurav
tm355,M,27,Shalimar Bagh,2016-09-10,Gaurav
tm356,F,48,Shalimar Bagh,2016-02-10,Gaurav
tm357,M,27,Shalimar Bagh,2016-02-10,Gaurav
tm358,M,23,Shalimar Bagh,2016-09-25,Gaurav
tm359,F,54,Shalimar Bagh,2016-09-25,Vivek
tm360,F,45,Noida Sector-70,2016-09-19,Gaurav
tm361,M,74,Noida Sector-70,2016-09-19,Gaurav
tm362,F,52,Noida Sector-70,2016-09-19,Vivek
tm363,F,26,Noida Sector-70,2016-09-19,Vivek
tm364,M,40,Shalimar Bagh,2016-11-09,Gaurav
tm365,F,39,Shalimar Bagh,2016-11-09,Gaurav
tm366,M,39,Shalimar Bagh,2016-11-09,Vivek
tm367,M,52,Shalimar Bagh,2016-11-09,Vivek
tm368,F,36,Shalimar Bagh,2016-11-09,Vivek
tm369,M,42,MCDP- MUIT,2016-06-09,Vivek
tm370,F,45,MCDP- MUIT,2016-06-09,Vivek
tm371,F,63,MCDP- MUIT,2016-06-09,Vivek
tm372,F,45,MCDP- MUIT,2016-06-09,Vivek
tm373,M,28,MCDP- MUIT,2016-06-09,Dr. Sunil
tm374,M,28,MCDP- MUIT,2016-06-09,Dr. Sunil
tm375,M,26,MCDP- MUIT,2016-06-09,Dr. Sunil
tm376,M,29,MCDP- MUIT,2016-06-09,Dr. Sunil
tm377,M,57,Shalimar Bagh,2016-08-28,Vivek
tm378,M,36,Shalimar Bagh,2016-08-28,Vivek
tm379,F,33,Shalimar Bagh,2016-08-21,Vivek
tm380,F,33,Shalimar Bagh,2016-08-21,Vivek
tm381,F,53,Shalimar Bagh,2016-08-21,Vivek
tm382,M,26,Shalimar Bagh,2016-08-21,Vivek
tm383,F,57,Home--Mayur Vihar,2016-08-19,Vivek
tm384,M,39,Shalimar Bagh,2016-08-14,Gaurav
tm385,M,38,Shalimar Bagh,2016-08-14,Gaurav
tm386,M,54,Shalimar Bagh,2016-08-13,Gaurav
tm387,F,24,Shalimar Bagh,2016-07-08,Gaurav
tm388,M,25,Shalimar Bagh,2016-07-08,Vivek
tm389,F,29,Shalimar Bagh,2016-07-31,Vivek
tm390,M,39,Shalimar Bagh,2016-07-31,Gaurav
tm391,F,42,Shalimar Bagh,2016-07-31,Gaurav
tm392,F,33,Shalimar Bagh,2016-07-24,Gaurav
tm393,M,57,Shalimar Bagh,2016-07-24,Gaurav
tm394,F,54,Shalimar Bagh,2016-07-24,Gaurav
tm395,M,18,Shalimar Bagh,2016-07-24,Gaurav
tm396,M,23,Shalimar Bagh,2016-07-17,Gaurav
tm397,M,16,Shalimar Bagh,2016-07-17,Gaurav
tm398,F,26,Shalimar Bagh,2016-07-17,Gaurav
tm399,M,38,Shalimar Bagh,2016-10-07,Gaurav
tm400,M,30,Shalimar Bagh,2016-10-07,Vivek
tm401,F,25,Shalimar Bagh,2016-03-07,Vivek
tm402,M,18,Shalimar Bagh,2016-03-07,Vivek
tm403,F,26,Shalimar Bagh,2016-03-07,Vivek
tm404,M,37,Shalimar Bagh,2016-03-07,Vivek
tm405,M,34,Shalimar Bagh,2016-06-26,Gaurav
tm406,F,32,Shalimar Bagh,2016-06-26,Vivek
tm407,M,35,Shalimar Bagh,2016-06-26,Vivek
tm408,F,19,Shalimar Bagh,2016-06-26,Gaurav
tm409,M,17,Shalimar Bagh,2016-06-26,Gaurav
tm410,M,58,Shalimar Bagh,2016-06-19,Vivek
tm411,F,13,Shalimar Bagh,2016-06-19,Vivek
tm412,F,41,Shalimar Bagh,2016-06-19,Vivek
tm413,M,56,Shalimar Bagh,2016-06-19,Vivek
tm414,M,40,Shalimar Bagh,2016-06-19,Vivek
tm415,M,37,Shalimar Bagh,2016-06-19,Gaurav
tm416,F,37,Shalimar Bagh,2016-06-19,Gaurav
tm417,M,26,Shalimar Bagh,2016-06-19,Gaurav
tm418,M,27,Shalimar Bagh,2016-06-19,Gaurav
tm419,M,22,Rajouri Garden,2016-12-06,Gaurav
tm420,F,36,Rajouri Garden,2016-12-06,Gaurav
tm421,F,43,Rajouri Garden,2016-12-06,Vivek
tm422,F,34,Rajouri Garden,2016-12-06,Vivek
tm423,F,16,Rajouri Garden,2016-12-06,Vivek
tm424,M,54,Shalimar Bagh,2016-05-06,Vivek
tm425,M,27,Shalimar Bagh,2016-05-06,Gaurav
tm426,M,39,Shalimar Bagh,2016-05-06,Gaurav
tm427,M,37,Shalimar Bagh,2016-05-29,Gaurav
tm428,M,33,Shalimar Bagh,2016-05-29,Gaurav
tm429,F,35,Shalimar Bagh,2016-05-29,Gaurav
tm430,F,37,Shalimar Bagh,2016-05-29,Gaurav
tm431,M,74,Shalimar Bagh,2016-05-29,Vivek
tm432,F,43,Shalimar Bagh,2016-05-29,Vivek
tm433,M,16,Shalimar Bagh,2016-05-29,Vivek
tm434,M,35,Shalimar Bagh,2016-05-29,Vivek
tm435,M,78,Shalimar Bagh,2016-05-22,Vivek
tm436,M,47,Shalimar Bagh,2016-05-22,Vivek
tm437,M,27,Shalimar Bagh,2016-05-22,Vivek
tm438,F,17,Shalimar Bagh,2016-05-22,Vivek
tm439,F,12,Shalimar Bagh,2016-05-22,Vivek
tm440,F,27,Shalimar Bagh,2016-05-22,Gaurav
tm441,F,56,Shalimar Bagh,2016-05-22,Gaurav
tm442,F,41,Shalimar Bagh,2016-05-22,Gaurav
tm443,M,35,Shalimar Bagh,2016-05-22,Gaurav
tm444,F,52,Home - Vasant Kunj,2016-05-19,Vivek
tm445,F,52,Home - Vasant Kunj,2016-05-19,Vivek
tm446,F,48,Shalimar Bagh,2016-05-15,Vivek
tm447,F,51,Shalimar Bagh,2016-05-15,Vivek
tm448,M,36,Shalimar Bagh,2016-05-15,Vivek
tm449,F,25,Shalimar Bagh,2016-05-15,Gaurav
tm450,M,59,Shalimar Bagh,2016-05-15,Gaurav
tm451,F,18,Shalimar Bagh,2016-05-15,Gaurav
tm452,F,35,Shalimar Bagh,2016-05-15,Gaurav
tm453,M,28,Rajouri Garden,2016-08-05,Vivek
tm454,F,66,Rajouri Garden,2016-08-05,Vivek
tm455,M,24,Rajouri Garden,2016-08-05,Vivek
tm456,M,30,Rajouri Garden,2016-08-05,Gaurav
tm457,M,24,Rajouri Garden,2016-08-05,Gaurav
tm458,M,34,Rajouri Garden,2016-08-05,Gaurav
tm459,M,43,Shalimar Bagh,2016-04-23,Gaurav
tm460,F,23,Shalimar Bagh,2016-04-23,Vivek
tm461,M,43,Shalimar Bagh,2016-04-23,Vivek
tm462,M,47,Shalimar Bagh,2016-10-04,Vivek
tm463,M,56,Shalimar Bagh,2016-10-04,Vivek
tm464,M,27,Shalimar Bagh,2016-10-04,Gaurav
tm465,M,24,Shalimar Bagh,2016-10-04,Gaurav
tm466,F,47,Shalimar Bagh,2016-10-04,Gaurav
tm467,M,36,A-14,2016-03-04,Vivek
tm468,M,15,Rajouri Garden,2016-03-27,Gaurav
tm469,F,30,Shalimar Bagh,2016-03-27,Vivek
tm470,M,70,Shalimar Bagh,2016-03-27,Vivek
tm471,M,38,Shalimar Bagh,2016-03-27,Vivek
tm472,F,36,Shalimar Bagh,2016-03-27,Vivek
tm473,M,61,Shalimar Bagh,2016-03-27,Vivek
tm474,F,53,Shalimar Bagh,2016-03-27,Vivek
tm475,F,70,Shalimar Bagh,2016-03-27,Vivek
tm476,M,27,A-14,2016-03-20,Gaurav
tm477,M,47,A-14,2016-03-20,Gaurav
tm478,M,16,A-14,2016-03-20,Gaurav
tm479,F,41,A-14,2016-03-20,Gaurav
tm480,F,33,A-14,2016-03-20,Vivek
tm481,M,24,A-14,2016-03-20,Vivek
tm482,M,38,A-14,2016-03-20,Vivek
tm483,M,35,A-14,2016-03-20,Vivek
tm484,F,40,Shalimar Bagh,2016-03-17,Vivek
tm485,M,17,Shalimar Bagh,2016-03-17,Vivek
tm486,F,14,Shalimar Bagh,2016-03-17,Vivek
tm487,M,22,Shalimar Bagh,2016-03-13,Gaurav
tm488,M,43,Shalimar Bagh,2016-03-13,Gaurav
tm489,M,32,Shalimar Bagh,2016-03-13,Gaurav
tm490,F,43,Shalimar Bagh,2016-03-13,Gaurav
tm491,F,36,A-14,2016-06-03,Gaurav
tm492,M,16,A-14,2016-06-03,Gaurav
tm493,M,26,A-14,2016-06-03,Gaurav
tm494,M,51,A-14,2016-06-03,Gaurav
tm495,F,31,A-14,2016-06-03,Gaurav
tm496,M,39,Home Civil Lines,2016-02-03,Vivek
tm497,F,63,Home Civil Lines,2016-02-03,Vivek
tm498,F,38,Home Civil Lines,2016-02-03,Vivek
tm499,M,67,Home Civil Lines,2016-02-03,Vivek
tm500,F,67,Home Civil Lines,2016-02-03,Vivek
tm501,M,37,Rajouri Garden,2016-02-28,Vivek
tm502,M,42,Rajouri Garden,2016-02-28,Vivek
tm503,M,53,Rajouri Garden,2016-02-28,Vivek
tm504,F,34,Rajouri Garden,2016-02-28,Vivek
tm505,F,34,Rajouri Garden,2016-02-28,Vivek
tm506,M,46,Shalimar Bagh,2016-02-28,Gaurav
tm507,M,23,Shalimar Bagh,2016-02-28,Gaurav
tm508,F,44,Shalimar Bagh,2016-02-28,Gaurav
tm509,F,34,Shalimar Bagh,2016-02-28,Gaurav
tm510,F,22,A-14,2016-02-22,Gaurav
tm511,M,63,A-14,2016-02-21,Gaurav
tm512,M,41,A-14,2016-02-21,Gaurav
tm513,M,25,A-14,2016-07-02,Gaurav
tm514,M,19,A-14,2016-07-02,Gaurav
tm515,F,54,A-14,2016-07-02,Gaurav
tm516,F,20,A-14,2016-07-02,Gaurav
tm517,F,63,A-14,2016-07-02,Vivek
tm518,M,25,A-14,2016-07-02,Vivek
tm519,M,58,A-14,2016-07-02,Vivek
tm520,M,31,A-14,2016-07-02,Vivek
tm521,M,39,Home Noida,2016-01-02,Gaurav
tm522,F,80,Home Lodhi Road,2016-01-31,Vivek
tm523,M,37,Home Lodhi Road,2016-01-31,Vivek
tm524,F,32,Home Punjabi Bagh,2016-01-26,Aditi
tm525,F,55,Home Punjabi Bagh,2016-01-26,Aditi
tm526,F,55,Home Punjabi Bagh,2016-01-26,Aditi
tm527,F,33,Home Punjabi Bagh,2016-01-26,Aditi
tm528,M,35,Home Punjabi Bagh,2016-01-26,Gaurav
tm529,F,64,Home Punjabi Bagh,2016-01-26,Gaurav
tm530,F,64,Home Punjabi Bagh,2016-01-26,Gaurav
tm531,F,56,Home Chattarpur,2016-01-24,Gaurav
tm532,M,20,Rajouri Garden,2016-01-24,Vivek
tm533,M,27,Rajouri Garden,2016-01-24,Vivek
tm534,M,68,A-14,2016-01-17,Vivek
tm535,M,25,Shalimar Bagh,2016-10-01,Gaurav
tm536,F,12,Shalimar Bagh,2016-10-01,Gaurav
tm537,F,5,A-14,2016-05-01,Vivek
tm538,M,70,A-14,2016-03-01,Gaurav
tm539,M,28,A-14,2016-03-01,Gaurav
tm540,F,67,A-14,2016-03-01,Gaurav
tm541,F,39,A-14,2016-03-01,Gaurav
tm542,F,35,A-14,2016-03-01,Vivek
tm543,M,34,A-14,2016-03-01,Vivek
tm544,F,29,A-14,2016-03-01,Vivek
tm545,M,78,Shalimar Bagh,2016-01-01,Vivek
tm546,F,61,Shalimar Bagh,2016-01-01,Vivek
tm547,M,57,Shalimar Bagh,2015-12-30,Gaurav
tm548,F,18,Shalimar Bagh,2015-12-30,Gaurav
tm549,M,51,Shalimar Bagh,2015-12-30,Gaurav
tm550,F,53,Shalimar Bagh,2015-12-30,Vivek
tm551,M,58,Shalimar Bagh,2015-12-30,Vivek
tm552,F,27,Rajouri Garden,2015-12-27,Gaurav
tm553,F,61,Rajouri Garden,2015-12-27,Gaurav
tm554,M,33,Rajouri Garden,2015-12-27,Gaurav
tm555,M,32,Rajouri Garden,2015-12-27,Gaurav
tm556,F,39,Rajouri Garden,2015-12-27,Vivek
tm557,M,47,Rajouri Garden,2015-12-27,Vivek
tm558,M,44,Rajouri Garden,2015-12-27,Vivek
tm559,M,58,Rajouri Garden,2015-12-27,Vivek
tm560,F,26,A-14,2015-12-21,Vivek
tm561,M,37,A-14,2015-12-20,Vivek
tm562,M,30,Shalimar Bagh,2015-12-13,Vivek
tm563,M,22,Shalimar Bagh,2015-12-13,Vivek
tm564,M,18,Shalimar Bagh,2015-12-13,Gaurav
tm565,M,55,Shalimar Bagh,2015-12-13,Vivek
tm566,M,33,Rajouri Garden,2015-11-29,Gaurav
tm567,F,52,Rajouri Garden,2015-11-29,Gaurav
tm568,M,26,Rajouri Garden,2015-11-29,Gaurav
tm569,M,23,Rajouri Garden,2015-11-29,Vivek
tm570,M,67,Rajouri Garden,2015-11-29,Vivek
tm571,M,46,Rajouri Garden,2015-11-29,Vivek
tm572,F,64,Shalimar Bagh,2015-11-23,Vivek
tm573,F,74,A-14,2015-11-22,Gaurav
tm574,M,25,A-14,2015-11-22,Gaurav
tm575,F,61,A-14,2015-11-22,Gaurav
tm576,F,56,A-14,2015-11-22,Vivek
tm577,F,27,A-14,2015-11-22,Vivek
tm578,M,25,A-14,2015-11-22,Vivek
tm579,M,61,A-14,2015-11-22,Vivek
tm580,M,35,Shalimar Bagh,2015-11-15,Gaurav
tm581,M,25,Shalimar Bagh,2015-11-15,Gaurav
tm582,F,35,Shalimar Bagh,2015-11-15,Gaurav
tm583,M,21,Shalimar Bagh,2015-11-15,Vivek
tm584,M,25,Shalimar Bagh,2015-11-15,Vivek
tm585,M,66,A-14,2015-01-11,Gaurav
tm586,M,37,A-14,2015-01-11,Vivek
tm587,M,23,A-14,2015-01-11,Vivek
tm588,F,53,Home - Taj Hotel,2015-10-25,Gaurav
tm589,M,50,Rajouri Garden,2015-10-25,Gaurav
tm590,M,70,Shalimar Bagh,2015-10-24,Gaurav
tm591,F,38,A-14,2015-10-18,Gaurav
tm592,M,30,A-14,2015-10-18,Gaurav
tm593,M,24,Shalimar Bagh,2015-11-10,Gaurav
tm594,F,51,Shalimar Bagh,2015-11-10,Gaurav
tm595,F,15,A-14,2015-03-10,Aditi
tm596,F,36,A-14,2015-03-10,Gaurav
tm597,M,27,A-14,2015-03-10,Gaurav
tm598,M,6,A-14,2015-03-10,Gaurav
tm599,M,28,A-14,2015-03-10,Gaurav
tm600,F,61,A-14,2015-03-10,Vivek
tm601,M,40,A-14,2015-03-10,Vivek
tm602,M,41,A-14,2015-03-10,Vivek
tm603,F,58,Rajouri Garden,2015-09-27,Vivek
tm604,M,30,Rajouri Garden,2015-09-27,Vivek
tm605,M,37,Rajouri Garden,2015-09-27,Vivek
tm606,F,30,Rajouri Garden,2015-09-27,Vivek
tm607,F,19,A-14,2015-09-20,Vivek
tm608,F,18,A-14,2015-09-20,Vivek
tm609,M,34,A-14,2015-09-20,Vivek
tm610,F,17,Shalimar Bagh,2015-09-14,Gaurav
tm611,F,26,Shalimar Bagh,2015-09-14,Gaurav
tm612,F,22,Shalimar Bagh,2015-09-14,Gaurav
tm613,M,32,Shalimar Bagh,2015-09-14,Gaurav
tm614,M,33,Shalimar Bagh,2015-09-14,Vivek
tm615,M,45,Shalimar Bagh,2015-09-14,Vivek
tm616,F,41,Shalimar Bagh,2015-09-14,Vivek
tm617,F,18,Shalimar Bagh,2015-09-14,Vivek
tm618,M,38,Shalimar Bagh,2015-09-13,Gaurav
tm619,M,56,Shalimar Bagh,2015-09-13,Gaurav
tm620,F,53,Shalimar Bagh,2015-09-13,Vivek
tm621,F,24,Shalimar Bagh,2015-09-13,Vivek
tm622,M,38,A-14,2015-07-09,Gaurav
tm623,M,28,A-14,2015-07-09,Vivek
tm624,M,47,A-14,2015-07-09,Vivek
tm625,M,43,Home - Sainik Farm,2015-02-09,Gaurav
tm626,F,44,Home - Sainik Farm,2015-02-09,Gaurav
tm627,F,73,Home - Sainik Farm,2015-02-09,Gaurav
tm628,F,32,A-14,2015-01-09,Gaurav
tm629,F,32,A-14,2015-08-30,Gaurav
tm630,M,67,Rajouri Garden,2015-08-23,Vivek
tm631,M,43,A-14,2015-08-16,Vivek
tm632,F,58,A-14,2015-08-16,Vivek
tm633,M,25,A-14,2015-08-16,Vivek
tm634,F,29,A-14,2015-08-16,Vivek
tm635,M,24,A-14,2015-08-16,Vivek
tm636,M,39,Shalimar Bagh,2015-09-08,Vivek
tm637,M,20,Shalimar Bagh,2015-09-08,Vivek
tm638,M,28,Shalimar Bagh,2015-09-08,Gaurav
tm639,F,32,A-14,2015-02-08,Vivek
tm640,M,62,A-14,2015-02-08,Vivek
tm641,M,52,A-14,2015-02-08,Gaurav
tm642,F,56,A-14,2015-02-08,Gaurav
tm643,M,27,Home - Vasant kunj,2015-07-26,Ram
tm644,F,27,Home - Vasant kunj,2015-07-26,Ram
tm645,F,31,Home - Vasant kunj,2015-07-26,Ram
tm646,M,25,Home - Vasant kunj,2015-07-26,Ram
tm647,M,23,A-14,2015-07-19,Vivek
tm648,M,21,A-14,2015-07-19,Vivek
tm649,M,47,A-14,2015-07-19,Vivek
tm650,M,43,A-14,2015-07-19,Vivek
tm651,M,39,A-14,2015-07-19,Vivek
tm652,F,24,A-14,2015-07-19,Aditi
tm653,M,33,A-14,2015-07-19,Aditi
tm654,F,47,A-14,2015-07-19,Aditi
tm655,F,38,A-14,2015-07-19,Gaurav
tm656,M,17,Rajouri Garden,2015-07-19,Gaurav
tm657,M,30,Rajouri Garden,2015-07-19,Gaurav
tm658,M,60,Rajouri Garden,2015-07-19,Ram
tm659,M,32,Shalimar Bagh,2015-12-07,Vivek
tm660,F,27,Shalimar Bagh,2015-12-07,Vivek
tm661,M,58,Shalimar Bagh,2015-12-07,Vivek
tm662,F,42,Shalimar Bagh,2015-12-07,Vivek
tm663,M,33,Shalimar Bagh,2015-12-07,Gaurav
tm664,M,26,Shalimar Bagh,2015-12-07,Gaurav
tm665,M,57,Shalimar Bagh,2015-12-07,Gaurav
tm666,M,56,Shalimar Bagh,2015-12-07,Gaurav
tm667,F,25,Shalimar Bagh,2015-12-07,Gaurav
tm668,F,43,A-14,2015-05-07,Vivek
tm669,M,28,A-14,2015-05-07,Vivek
tm670,M,61,A-14,2015-05-07,Gaurav
tm671,M,20,A-14,2015-05-07,Gaurav
tm672,F,24,A-14,2015-05-07,Gaurav
tm673,M,41,A-14,2015-03-07,Vivek
tm674,M,34,A-14,2015-03-07,Vivek
tm675,F,25,A-14,2015-03-07,Vivek
tm676,M,28,A-14,2015-03-07,Gaurav
tm677,M,38,A-14,2015-03-07,Gaurav
tm678,M,26,A-14,2015-03-07,Gaurav
tm679,M,27,A-14,2015-03-07,Gaurav
tm680,M,51,Rajouri Garden,2015-06-28,Vivek
tm681,F,24,Rajouri Garden,2015-06-28,Vivek
tm682,M,15,Rajouri Garden,2015-06-28,Gaurav
tm683,F,22,Rajouri Garden,2015-06-28,Gaurav
tm684,F,8,Home Rajender Place,2015-06-24,Vivek
tm685,F,38,Home Rajender Place,2015-06-24,Vivek
tm686,M,39,Home Rajender Place,2015-06-24,Gaurav
tm687,F,9,Home Rajender Place,2015-06-24,Gaurav
tm688,M,15,A-14,2015-06-23,Gaurav
tm689,M,20,A-14,2015-06-21,Vivek
tm690,M,17,A-14,2015-06-21,Vivek
tm691,F,55,A-14,2015-06-21,Gaurav
tm692,M,24,Home Vivek,2015-06-14,Vivek
tm693,F,36,Shalimar Bagh,2015-06-14,Vivek
tm694,F,30,Shalimar Bagh,2015-06-14,Vivek
tm695,F,28,Shalimar Bagh,2015-06-14,Vivek
tm696,M,33,Home Vivek,2015-06-14,Vivek
tm697,F,30,Home Vivek,2015-06-14,Gaurav
tm698,F,27,Home Vivek,2015-06-14,Gaurav
tm699,M,33,Shalimar Bagh,2015-06-14,Gaurav
tm700,F,57,Shalimar Bagh,2015-06-14,Gaurav
tm701,F,30,Shalimar Bagh,2015-06-14,Gaurav
tm702,M,15,A-14,2015-09-06,Vivek
tm703,M,47,A-14,2015-09-06,Vivek
tm704,F,45,A-14,2015-09-06,Vivek
tm705,M,46,A-14,2015-09-06,Gaurav
tm706,M,42,A-14,2015-09-06,Gaurav
tm707,F,,MCDP - ValueFirst,2015-07-06,Aditi
tm708,F,,MCDP - ValueFirst,2015-07-06,Aditi
tm709,F,,MCDP - ValueFirst,2015-07-06,Aditi
tm710,M,9,MCDP - ValueFirst,2015-07-06,Vivek
tm711,M,35,MCDP - ValueFirst,2015-07-06,Vivek
tm712,M,36,MCDP - ValueFirst,2015-07-06,Vivek
tm713,M,31,MCDP - ValueFirst,2015-07-06,Vivek
tm714,M,39,MCDP - ValueFirst,2015-07-06,Vivek
tm715,M,48,MCDP - ValueFirst,2015-07-06,Gaurav
tm716,M,62,MCDP - ValueFirst,2015-07-06,Gaurav
tm717,M,40,MCDP - ValueFirst,2015-07-06,Gaurav
tm718,M,19,MCDP - ValueFirst,2015-07-06,Gaurav
tm719,M,45,Home Vivek,2015-02-06,Vivek
tm720,M,44,A-14,2015-05-31,Vivek
tm721,M,47,A-14,2015-05-26,Vivek
tm722,M,29,A-14,2015-05-25,Vivek
tm723,M,42,A-14,2015-05-24,Gaurav
tm724,M,23,A-14,2015-05-19,Gaurav
tm725,M,27,Rajouri Garden,2015-10-05,Vivek
tm726,M,44,Rajouri Garden,2015-10-05,Vivek
tm727,F,30,Rajouri Garden,2015-10-05,Vivek
tm728,F,35,Rajouri Garden,2015-10-05,Vivek
tm729,F,10,Rajouri Garden,2015-10-05,Gaurav
tm730,F,57,Rajouri Garden,2015-10-05,Gaurav
tm731,M,24,Rajouri Garden,2015-10-05,Gaurav
tm732,M,59,Rajouri Garden,2015-10-05,Gaurav
tm733,F,28,Home Gaurav,2015-04-30,Gaurav
tm734,M,31,Home Gaurav,2015-04-30,Gaurav
tm735,F,56,Home Gaurav,2015-04-30,Gaurav